ail,3
aim,3
aid,3
gain,4
gait,4
nail,4
bail,4
hail,4
vain,4
main,4
pain,4
pail,4
sail,4
paid,4
laid,4
mail,4
lain,4
bait,4
maim,4
maid,4
rail,4
rain,4
wail,4
fail,4
tail,4
daisy,5
frail,5
again,5
train,5
waist,5
drain,5
stain,5
trail,5
raise,5
braid,5
faint,5
brain,5
faith,5
daily,5
maize,5
taint,5
flail,5
paint,5
rainy,5
plain,5
snail,5
slain,5
claim,5
grail,5
avail,5
grain,5
quail,5
email,5
saint,5
await,5
chain,5
trait,5
obtain,6
ordain,6
tailor,6
detail,6
maiden,6
mainly,6
sprain,6
sailor,6
mailer,6
brainy,6
derail,6
retain,6
dainty,6
detain,6
strain,6
oxtail,6
quaint,6
waiver,6
waiter,6
praise,6
vainly,6
plaice,6
attain,6
grainy,6
raisin,6
entail,6
retail,6
bewail,6
inlaid,6
domain,6
regain,6
remain,6
mermaid,7
curtail,7
sustain,7
toenail,7
prevail,7
disdain,7
mislaid,7
exclaim,7
trainee,7
pigtail,7
pertain,7
terrain,7
traitor,7
painter,7
traipse,7
drainer,7
explain,7
trailer,7
faintly,7
foxtail,7
mailbox,7
rainbow,7
saintly,7
ailment,7
against,7
repaint,7
refrain,7
railway,7
fainter,7
bedrail,7
ingrain,7
malaise,7
contain,7
bailiff,7
acclaim,7
reclaim,7
raindrop,8
overpaid,8
drainage,8
unafraid,8
faithful,8
rainfall,8
restrain,8
trainers,8
raincoat,8
ponytail,8
disclaim,8
handrail,8
milkmaid,8
waitress,8
strainer,8
faithful,8
migraine,8
straight,8
failsafe,8
retailer,8
maintain,8
tailgate,8
monorail,8
complain,8
mainland,8
proclaim,8
portrait,8
campaign,8
sailboat,8
mainsail,8
acquaint,8
rainproof,9
rainstorm,9
available,9
plaintive,9
eyestrain,9
entertain,9
rainwater,9
constrain,9
thumbnail,9
guardrail,9
drainpipe,9
container,9
restraint,9
remainder,9
tearstain,9
hailstone,9
complaint,9
tailgater,9
campaigner,10
dumbwaiter,10
bridesmaid,10
constraint,10
straighten,10
mayonnaise,10
floodplain,10
fingernail,10
disclaimer,10
brainstorm,10
fundraiser,10
attainment,10
rainforest,10
reacquaint,10
painkiller,10
paintbrush,10
brainteaser,11
painstaking,11
maintenance,11
entertainer,11
unavailable,11
acquaintance,12
unacquainted,12
counterclaim,12
praiseworthy,12
entertainment,13
straightforward,15
