gecko,5
rocky,5
lucky,5
mucky,5
tricky,6
bucket,6
beckon,6
sickly,6
locket,6
reckon,6
bricks,6
heckle,6
locker,6
tickle,6
sticky,6
fickle,6
ticket,6
backup,6
cuckoo,6
rocket,6
tackle,6
racket,6
pickle,6
bicker,6
cackle,6
pocket,6
socket,6
jackal,6
jockey,6
jacket,6
stocky,6
packet,6
buckle,6
wicket,6
wicked,6
stocks,6
package,7
slacken,7
shackle,7
jackpot,7
flicker,7
stacker,7
freckle,7
sticker,7
knuckle,7
rickety,7
bracken,7
peckish,7
cockney,7
thicken,7
cockpit,7
prickle,7
chicken,7
trickle,7
mockery,7
unlucky,7
luckily,7
crackle,7
cricket,7
chuckle,7
bracket,7
rockery,7
cracker,7
blackout,8
necklace,8
nickname,8
stricken,8
blockade,8
unbuckle,8
mackerel,8
blockage,8
knockout,8
ticklish,8
checkout,8
stocking,8
wreckage,8
bareback,8
reckless,8
cocktail,8
backfire,8
backrest,8
crockery,8
backseat,8
backdrop,8
duckling,8
backchat,8
backward,8
backlash,8
sickness,8
backpack,8
cockerel,8
gridlock,8
backbone,8
cockatoo,8
backache,8
attacker,8
unluckily,9
checkmate,9
cockroach,9
cockatiel,9
clockwork,9
packaging,9
tracksuit,9
checklist,9
blackmail,9
brickyard,9
clockwise,9
cricketer,9
stockroom,9
backstage,9
blackbird,9
repackage,9
woodpecker,10
nutcracker,10
chickenpox,10
highjacker,10
checkpoint,10
blackboard,10
blacksmith,10
blackberry,10
backpacker,10
landlocked,10
bricklayer,10
background,10
ramshackle,10
pickpocket,10
lackluster,10
Goldilocks,10
mackintosh,10
blockbuster,11
mockingbird,11
honeysuckle,11
blackmailer,11
stickleback,11
blackcurrant,12
wicketkeeper,12
backbreaking,12
glockenspiel,12
anticlockwise,13
unacknowledged,14
