paragraph,578
phrase,616
phone,1232
photo,1281
physical,2241
telephone,2262
photography,2468
graphics,2478
phase,2952
graphic,3383
Philadelphia,3583
physics,3632
pharmacy,3659
philosophy,3698
alpha,3790
paragraph,4040
biography,4235
physician,4634
photographs,4655
Christopher,5198
graph,5378
emphasis,5412
atmosphere,5539
physicians,5804
geography,5917
phrase,5932
geographic,5955
Ralph,6261
peripherals,6276
Memphis,6292
polyphonic,6390
alphabetical,6407
photographer,6434
bibliography,6478
pharmaceutical,6560
photograph,6639
photoshop,6651
Murphy,7051
physiology,7472
sophisticated,7533
photographic,7681
photographers,7992
pharmacies,8279
pharmacology,8641
headphones,8726
pharmaceuticals,8782
geographical,8812
symphony,8901
biographies,8936
telephony,9058
graphical,9067
microphone,9106
graphs,9163
physically,9194
phrases,9219
atmospheric,9587
elephant,9658
Stephanie,9699
phenomenon,9730
phases,9893
bibliographic,9945
sapphire,10031
paragraphs,10243
demographic,10270
sphere,10308
peripheral,10352
triumph,10358
prophet,10514
phantom,10540
