sty,3
star,4
stir,4
stop,4
stag,4
stem,4
stub,4
stow,4
stay,4
stun,4
stew,4
step,4
stony,5
start,5
stood,5
strum,5
steer,5
stake,5
stoop,5
stash,5
stink,5
state,5
stool,5
stark,5
stale,5
stone,5
stuck,5
stomp,5
stare,5
stole,5
stalk,5
stiff,5
stall,5
stock,5
still,5
stoat,5
stamp,5
sting,5
strip,5
stick,5
stair,5
stern,5
store,5
steep,5
steel,5
style,5
steam,5
stunt,5
stung,5
steal,5
stove,5
stack,5
steak,5
stout,5
strap,5
stump,5
staff,5
stand,5
storm,5
stain,5
straw,5
story,5
stage,5
stuff,5
stork,5
study,5
stray,5
staple,6
strive,6
sturdy,6
status,6
stripy,6
stitch,6
stripe,6
studio,6
stanza,6
stormy,6
stroke,6
starve,6
stocks,6
stroll,6
starch,6
strung,6
stumps,6
static,6
strong,6
statue,6
steady,6
stuffy,6
struck,6
strode,6
stolen,6
strobe,6
stance,6
strand,6
street,6
sticky,6
strict,6
stench,6
stream,6
strain,6
stress,6
stride,6
stereo,6
stifle,6
string,6
stilts,6
strike,6
stable,6
streak,6
strife,6
streaky,7
stutter,7
steward,7
startle,7
stadium,7
stacker,7
stubble,7
stagger,7
stringy,7
stealth,7
stencil,7
storage,7
student,7
station,7
strange,7
stopper,7
stretch,7
steamer,7
stroppy,7
stirrup,7
steeple,7
striker,7
stammer,7
stamina,7
stylist,7
stapler,7
stylish,7
stiffly,7
stardom,7
stumble,7
sticker,7
stomach,7
stakeout,8
standard,8
strainer,8
stingray,8
strangle,8
stranger,8
stagnant,8
stampede,8
studious,8
strategy,8
starling,8
starfish,8
struggle,8
stocking,8
streamer,8
strength,8
straddle,8
stealthy,8
straight,8
stowaway,8
stallion,8
stubborn,8
straggly,8
stretchy,8
stronger,8
strictly,8
straggle,8
stroller,8
straggler,9
stability,9
stepchild,9
stabilize,9
statement,9
stopwatch,9
structure,9
storybook,9
strenuous,9
stretcher,9
stockroom,9
stairwell,9
staircase,9
stargazer,9
starboard,9
statistic,9
stalemate,9
stepmother,10
stalagmite,10
stonemason,10
stewardess,10
stalactite,10
standstill,10
strawberry,10
stepfather,10
stepladder,10
stereotype,10
stationary,10
stationery,10
straighten,10
stegosaurus,11
stabilizers,11
streetlight,11
stepbrother,11
storyteller,11
steamroller,11
stethoscope,11
stepchildren,12
stepdaughter,12
steeplechase,12
straighteners,13
straightforward,15
